task_id,model,model_id,split,problem_idx,variant,run_idx,problem_text,original_answer,predicted_answer,is_correct_exact,full_response,input_tokens,output_tokens,cache_read_tokens,cache_write_tokens,error,timestamp
gemini3|train|1|node_deletion|run0,gemini3,openrouter/google/gemini-3-pro-preview,train,1,node_deletion,0,"Find the number of positive integer palindromes written in base $10$, with no zero digits, and whose digits add up to some target value. Recall that a palindrome is a number whose representation reads the same from left to right as from right to left.",62,,False,,0,0,0,0,"litellm.APIError: APIError: OpenrouterException - {""error"":{""message"":""Key limit exceeded (total limit). Manage it using https://openrouter.ai/settings/keys"",""code"":403}}",2026-02-22T19:17:09.737950+00:00
gemini3|train|23|node_deletion|run0,gemini3,openrouter/google/gemini-3-pro-preview,train,23,node_deletion,0,Let $S$ denote the value of the infinite sum\[\frac{1}{9}+\frac{1}{99}+\frac{1}{999}+\frac{1}{9999}+\dots.\]Find the remainder when the greatest integer less than or equal to $10^{M}S$ is divided by some number $D$.,669,,False,,0,0,0,0,"litellm.APIError: APIError: OpenrouterException - {""error"":{""message"":""Key limit exceeded (total limit). Manage it using https://openrouter.ai/settings/keys"",""code"":403}}",2026-02-22T19:17:09.833559+00:00
gemini3|train|9|node_deletion|run1,gemini3,openrouter/google/gemini-3-pro-preview,train,9,node_deletion,1,"Let $\triangle ABC$ have side length $CA=15$, with $AB$ and $BC$ unspecified. Triangle $\triangle A'B'C'$ is obtained by rotating $\triangle ABC$ about its circumcenter so that $\overline{A'C'}$ is perpendicular to $\overline{BC}$, with $A'$ and $B$ not on the same side of line $B'C'$. Find the integer closest to the area of hexagon $AA'CC'BB'$.",156,,False,,0,0,0,0,"litellm.APIError: APIError: OpenrouterException - {""error"":{""message"":""Key limit exceeded (total limit). Manage it using https://openrouter.ai/settings/keys"",""code"":403}}",2026-02-22T19:17:09.868831+00:00
gemini3|train|18|node_deletion|run0,gemini3,openrouter/google/gemini-3-pro-preview,train,18,node_deletion,0,For each positive integer $n$ let $f(n)$ be the value of the base-ten numeral $n$ viewed in some base $b$ determined by the digits of $n$. Find the number of positive integers $n$ less than $1000$ such that $f(n)=n$.,279,,False,,0,0,0,0,"litellm.APIError: APIError: OpenrouterException - {""error"":{""message"":""Key limit exceeded (total limit). Manage it using https://openrouter.ai/settings/keys"",""code"":403}}",2026-02-22T19:17:09.954465+00:00
gemini3|train|9|node_deletion|run0,gemini3,openrouter/google/gemini-3-pro-preview,train,9,node_deletion,0,"Let $\triangle ABC$ have side length $CA=15$, with $AB$ and $BC$ unspecified. Triangle $\triangle A'B'C'$ is obtained by rotating $\triangle ABC$ about its circumcenter so that $\overline{A'C'}$ is perpendicular to $\overline{BC}$, with $A'$ and $B$ not on the same side of line $B'C'$. Find the integer closest to the area of hexagon $AA'CC'BB'$.",156,,False,,0,0,0,0,"litellm.APIError: APIError: OpenrouterException - {""error"":{""message"":""Key limit exceeded (total limit). Manage it using https://openrouter.ai/settings/keys"",""code"":403}}",2026-02-22T19:17:10.071326+00:00
gemini3|train|5|node_deletion|run1,gemini3,openrouter/google/gemini-3-pro-preview,train,5,node_deletion,1,"The product of all positive real numbers $x$ satisfying the equation
\[\sqrt[k]{x^{\log_{2026} x}} = 26x\]
for some positive integer $k$ is an integer $P$. Find the number of positive integer divisors of $P$.",441,,False,,0,0,0,0,"litellm.APIError: APIError: OpenrouterException - {""error"":{""message"":""Key limit exceeded (total limit). Manage it using https://openrouter.ai/settings/keys"",""code"":403}}",2026-02-22T19:17:10.149990+00:00
gemini3|train|8|node_deletion|run0,gemini3,openrouter/google/gemini-3-pro-preview,train,8,node_deletion,0,"Joanne has a blank fair six-sided die and some number of stickers each displaying a different integer. Joanne rolls the die and then places the sticker labeled $1$ on the top face of the die. She then rolls the die again, places the next sticker on the top face, and continues this process to place the rest of the stickers in order. If the die ever lands with a sticker already on its top face, the new sticker is placed to cover the old sticker. Let $p$ be the conditional probability that at the end of the process some number of faces have been left blank, given that all the even-numbered stickers are visible on faces of the die. Then $p$ can be written as $\frac{m}{n}$, where $m$ and $n$ are relatively prime positive integers. Find $m+n$.",029,,False,,0,0,0,0,"litellm.APIError: APIError: OpenrouterException - {""error"":{""message"":""Key limit exceeded (total limit). Manage it using https://openrouter.ai/settings/keys"",""code"":403}}",2026-02-22T19:17:10.239410+00:00
gemini3|train|7|node_deletion|run0,gemini3,openrouter/google/gemini-3-pro-preview,train,7,node_deletion,0,Let $N$ be the number of positive integer divisors of some number raised to the $17$th power that leave a remainder of $5$ upon division by $12$. The base number has four distinct prime factors. Find the remainder when $N$ is divided by $1000$.,244,,False,,0,0,0,0,"litellm.APIError: APIError: OpenrouterException - {""error"":{""message"":""Key limit exceeded (total limit). Manage it using https://openrouter.ai/settings/keys"",""code"":403}}",2026-02-22T19:17:10.239989+00:00
gemini3|train|10|node_deletion|run0,gemini3,openrouter/google/gemini-3-pro-preview,train,10,node_deletion,0,"The integers from $1$ to $N$ are placed in some order into a rectangular grid of cells with one number in each cell. Let $a_{i,j}$ be the number placed in the cell in row $i$ and column $j$, and let $M$ be the sum of the absolute differences between adjacent cells. That is,\[M=\sum_{i}\sum_{j}(|a_{i,j+1}-a_{i,j}|+|a_{j+1,i}-a_{j,i}|).\]Find the remainder when the maximum possible value of $M$ is divided by $1000$.",896,,False,,0,0,0,0,"litellm.APIError: APIError: OpenrouterException - {""error"":{""message"":""Key limit exceeded (total limit). Manage it using https://openrouter.ai/settings/keys"",""code"":403}}",2026-02-22T19:17:10.405328+00:00
gemini3|train|5|node_deletion|run0,gemini3,openrouter/google/gemini-3-pro-preview,train,5,node_deletion,0,"The product of all positive real numbers $x$ satisfying the equation
\[\sqrt[k]{x^{\log_{2026} x}} = 26x\]
for some positive integer $k$ is an integer $P$. Find the number of positive integer divisors of $P$.",441,,False,,0,0,0,0,"litellm.APIError: APIError: OpenrouterException - {""error"":{""message"":""Key limit exceeded (total limit). Manage it using https://openrouter.ai/settings/keys"",""code"":403}}",2026-02-22T19:17:10.409874+00:00
gemini3|train|7|node_deletion|run1,gemini3,openrouter/google/gemini-3-pro-preview,train,7,node_deletion,1,Let $N$ be the number of positive integer divisors of some number raised to the $17$th power that leave a remainder of $5$ upon division by $12$. The base number has four distinct prime factors. Find the remainder when $N$ is divided by $1000$.,244,,False,,0,0,0,0,"litellm.APIError: APIError: OpenrouterException - {""error"":{""message"":""Key limit exceeded (total limit). Manage it using https://openrouter.ai/settings/keys"",""code"":403}}",2026-02-22T19:17:10.550917+00:00
gemini3|train|23|edge_deletion|run0,gemini3,openrouter/google/gemini-3-pro-preview,train,23,edge_deletion,0,Let $S$ denote the value of the infinite sum\[\frac{1}{9}+\frac{1}{99}+\frac{1}{999}+\frac{1}{9999}+\dots.\]Find the remainder when the greatest integer less than or equal to $10^{N}S$ is divided by $M$.,669,,False,,0,0,0,0,"litellm.APIError: APIError: OpenrouterException - {""error"":{""message"":""Key limit exceeded (total limit). Manage it using https://openrouter.ai/settings/keys"",""code"":403}}",2026-02-22T19:17:10.585325+00:00
gemini3|train|18|edge_deletion|run0,gemini3,openrouter/google/gemini-3-pro-preview,train,18,edge_deletion,0,"For each positive integer $n$, let $f(n)$ be the value of the base-ten numeral $n$ viewed in some base $b$, where $b$ is determined by the digits of $n$ according to some rule. Find the number of positive integers $n$ less than $1000$ such that $f(n)=n$.",279,,False,,0,0,0,0,"litellm.APIError: APIError: OpenrouterException - {""error"":{""message"":""Key limit exceeded (total limit). Manage it using https://openrouter.ai/settings/keys"",""code"":403}}",2026-02-22T19:17:10.623961+00:00
gemini3|train|10|edge_deletion|run0,gemini3,openrouter/google/gemini-3-pro-preview,train,10,edge_deletion,0,"The integers from $1$ to $N$ are placed in some order into a rectangular grid of cells with one number in each cell. Let $a_{i,j}$ be the number placed in the cell in row $i$ and column $j$, and let $M$ be the sum of the absolute differences between all pairs of adjacent cells (cells sharing an edge). Find the remainder when the maximum possible value of $M$ is divided by $1000$.",896,,False,,0,0,0,0,"litellm.APIError: APIError: OpenrouterException - {""error"":{""message"":""Key limit exceeded (total limit). Manage it using https://openrouter.ai/settings/keys"",""code"":403}}",2026-02-22T19:17:10.701652+00:00
gemini3|train|21|edge_deletion|run0,gemini3,openrouter/google/gemini-3-pro-preview,train,21,edge_deletion,0,"A standard fair six-sided die is rolled repeatedly. Each time the die reads 1 or 2, Alice gets a coin; some unspecified faces give Bob a coin; and the remaining faces give Carol a coin. The probability that Alice and Bob each receive at least two coins before Carol receives any coins can be written as $\tfrac mn,$ where $m$ and $n$ are relatively prime positive integers. Find $100m+n.$",754,,False,,0,0,0,0,"litellm.APIError: APIError: OpenrouterException - {""error"":{""message"":""Key limit exceeded (total limit). Manage it using https://openrouter.ai/settings/keys"",""code"":403}}",2026-02-22T19:17:10.824306+00:00
gemini3|train|10|node_deletion|run1,gemini3,openrouter/google/gemini-3-pro-preview,train,10,node_deletion,1,"The integers from $1$ to $N$ are placed in some order into a rectangular grid of cells with one number in each cell. Let $a_{i,j}$ be the number placed in the cell in row $i$ and column $j$, and let $M$ be the sum of the absolute differences between adjacent cells. That is,\[M=\sum_{i}\sum_{j}(|a_{i,j+1}-a_{i,j}|+|a_{j+1,i}-a_{j,i}|).\]Find the remainder when the maximum possible value of $M$ is divided by $1000$.",896,,False,,0,0,0,0,"litellm.APIError: APIError: OpenrouterException - {""error"":{""message"":""Key limit exceeded (total limit). Manage it using https://openrouter.ai/settings/keys"",""code"":403}}",2026-02-22T19:17:10.835825+00:00
gemini3|train|1|node_deletion|run1,gemini3,openrouter/google/gemini-3-pro-preview,train,1,node_deletion,1,"Find the number of positive integer palindromes written in base $10$, with no zero digits, and whose digits add up to some target value. Recall that a palindrome is a number whose representation reads the same from left to right as from right to left.",62,,False,,0,0,0,0,"litellm.APIError: APIError: OpenrouterException - {""error"":{""message"":""Key limit exceeded (total limit). Manage it using https://openrouter.ai/settings/keys"",""code"":403}}",2026-02-22T19:17:10.837354+00:00
gemini3|train|10|edge_deletion|run1,gemini3,openrouter/google/gemini-3-pro-preview,train,10,edge_deletion,1,"The integers from $1$ to $N$ are placed in some order into a rectangular grid of cells with one number in each cell. Let $a_{i,j}$ be the number placed in the cell in row $i$ and column $j$, and let $M$ be the sum of the absolute differences between all pairs of adjacent cells (cells sharing an edge). Find the remainder when the maximum possible value of $M$ is divided by $1000$.",896,,False,,0,0,0,0,"litellm.APIError: APIError: OpenrouterException - {""error"":{""message"":""Key limit exceeded (total limit). Manage it using https://openrouter.ai/settings/keys"",""code"":403}}",2026-02-22T19:17:10.958251+00:00
gemini3|train|8|node_deletion|run1,gemini3,openrouter/google/gemini-3-pro-preview,train,8,node_deletion,1,"Joanne has a blank fair six-sided die and some number of stickers each displaying a different integer. Joanne rolls the die and then places the sticker labeled $1$ on the top face of the die. She then rolls the die again, places the next sticker on the top face, and continues this process to place the rest of the stickers in order. If the die ever lands with a sticker already on its top face, the new sticker is placed to cover the old sticker. Let $p$ be the conditional probability that at the end of the process some number of faces have been left blank, given that all the even-numbered stickers are visible on faces of the die. Then $p$ can be written as $\frac{m}{n}$, where $m$ and $n$ are relatively prime positive integers. Find $m+n$.",029,,False,,0,0,0,0,"litellm.APIError: APIError: OpenrouterException - {""error"":{""message"":""Key limit exceeded (total limit). Manage it using https://openrouter.ai/settings/keys"",""code"":403}}",2026-02-22T19:17:11.047039+00:00
gemini3|train|21|node_deletion|run0,gemini3,openrouter/google/gemini-3-pro-preview,train,21,node_deletion,0,"A standard fair six-sided die is rolled repeatedly. Each time the die reads 1 or 2, Alice gets a coin; each time it reads 3 or 4, Bob gets a coin; and each time it reads 5 or 6, Carol gets a coin. The probability that Alice and Bob each receive at least some number of coins before Carol receives any coins can be written as $\tfrac mn,$ where $m$ and $n$ are relatively prime positive integers. Find $100m+n.$",754,,False,,0,0,0,0,"litellm.APIError: APIError: OpenrouterException - {""error"":{""message"":""Key limit exceeded (total limit). Manage it using https://openrouter.ai/settings/keys"",""code"":403}}",2026-02-22T19:17:11.088885+00:00
gemini3|train|18|node_deletion|run1,gemini3,openrouter/google/gemini-3-pro-preview,train,18,node_deletion,1,For each positive integer $n$ let $f(n)$ be the value of the base-ten numeral $n$ viewed in some base $b$ determined by the digits of $n$. Find the number of positive integers $n$ less than $1000$ such that $f(n)=n$.,279,,False,,0,0,0,0,"litellm.APIError: APIError: OpenrouterException - {""error"":{""message"":""Key limit exceeded (total limit). Manage it using https://openrouter.ai/settings/keys"",""code"":403}}",2026-02-22T19:17:17.113685+00:00
gemini3|train|18|edge_deletion|run1,gemini3,openrouter/google/gemini-3-pro-preview,train,18,edge_deletion,1,"For each positive integer $n$, let $f(n)$ be the value of the base-ten numeral $n$ viewed in some base $b$, where $b$ is determined by the digits of $n$ according to some rule. Find the number of positive integers $n$ less than $1000$ such that $f(n)=n$.",279,,False,,0,0,0,0,"litellm.APIError: APIError: OpenrouterException - {""error"":{""message"":""Key limit exceeded (total limit). Manage it using https://openrouter.ai/settings/keys"",""code"":403}}",2026-02-22T19:17:17.418263+00:00
gemini3|train|21|edge_deletion|run1,gemini3,openrouter/google/gemini-3-pro-preview,train,21,edge_deletion,1,"A standard fair six-sided die is rolled repeatedly. Each time the die reads 1 or 2, Alice gets a coin; some unspecified faces give Bob a coin; and the remaining faces give Carol a coin. The probability that Alice and Bob each receive at least two coins before Carol receives any coins can be written as $\tfrac mn,$ where $m$ and $n$ are relatively prime positive integers. Find $100m+n.$",754,,False,,0,0,0,0,"litellm.APIError: APIError: OpenrouterException - {""error"":{""message"":""Key limit exceeded (total limit). Manage it using https://openrouter.ai/settings/keys"",""code"":403}}",2026-02-22T19:17:17.481699+00:00
gemini3|train|21|node_deletion|run1,gemini3,openrouter/google/gemini-3-pro-preview,train,21,node_deletion,1,"A standard fair six-sided die is rolled repeatedly. Each time the die reads 1 or 2, Alice gets a coin; each time it reads 3 or 4, Bob gets a coin; and each time it reads 5 or 6, Carol gets a coin. The probability that Alice and Bob each receive at least some number of coins before Carol receives any coins can be written as $\tfrac mn,$ where $m$ and $n$ are relatively prime positive integers. Find $100m+n.$",754,,False,,0,0,0,0,"litellm.APIError: APIError: OpenrouterException - {""error"":{""message"":""Key limit exceeded (total limit). Manage it using https://openrouter.ai/settings/keys"",""code"":403}}",2026-02-22T19:17:17.536022+00:00
gemini3|train|23|node_deletion|run1,gemini3,openrouter/google/gemini-3-pro-preview,train,23,node_deletion,1,Let $S$ denote the value of the infinite sum\[\frac{1}{9}+\frac{1}{99}+\frac{1}{999}+\frac{1}{9999}+\dots.\]Find the remainder when the greatest integer less than or equal to $10^{M}S$ is divided by some number $D$.,669,,False,,0,0,0,0,"litellm.APIError: APIError: OpenrouterException - {""error"":{""message"":""Key limit exceeded (total limit). Manage it using https://openrouter.ai/settings/keys"",""code"":403}}",2026-02-22T19:17:17.602173+00:00
gemini3|train|5|node_deletion|run2,gemini3,openrouter/google/gemini-3-pro-preview,train,5,node_deletion,2,"The product of all positive real numbers $x$ satisfying the equation
\[\sqrt[k]{x^{\log_{2026} x}} = 26x\]
for some positive integer $k$ is an integer $P$. Find the number of positive integer divisors of $P$.",441,,False,,0,0,0,0,"litellm.APIError: APIError: OpenrouterException - {""error"":{""message"":""Key limit exceeded (total limit). Manage it using https://openrouter.ai/settings/keys"",""code"":403}}",2026-02-22T19:17:17.671670+00:00
gemini3|train|23|edge_deletion|run1,gemini3,openrouter/google/gemini-3-pro-preview,train,23,edge_deletion,1,Let $S$ denote the value of the infinite sum\[\frac{1}{9}+\frac{1}{99}+\frac{1}{999}+\frac{1}{9999}+\dots.\]Find the remainder when the greatest integer less than or equal to $10^{N}S$ is divided by $M$.,669,,False,,0,0,0,0,"litellm.APIError: APIError: OpenrouterException - {""error"":{""message"":""Key limit exceeded (total limit). Manage it using https://openrouter.ai/settings/keys"",""code"":403}}",2026-02-22T19:17:17.683528+00:00
gemini3|train|7|node_deletion|run2,gemini3,openrouter/google/gemini-3-pro-preview,train,7,node_deletion,2,Let $N$ be the number of positive integer divisors of some number raised to the $17$th power that leave a remainder of $5$ upon division by $12$. The base number has four distinct prime factors. Find the remainder when $N$ is divided by $1000$.,244,,False,,0,0,0,0,"litellm.APIError: APIError: OpenrouterException - {""error"":{""message"":""Key limit exceeded (total limit). Manage it using https://openrouter.ai/settings/keys"",""code"":403}}",2026-02-22T19:17:17.751938+00:00
gemini3|train|1|node_deletion|run2,gemini3,openrouter/google/gemini-3-pro-preview,train,1,node_deletion,2,"Find the number of positive integer palindromes written in base $10$, with no zero digits, and whose digits add up to some target value. Recall that a palindrome is a number whose representation reads the same from left to right as from right to left.",62,,False,,0,0,0,0,"litellm.APIError: APIError: OpenrouterException - {""error"":{""message"":""Key limit exceeded (total limit). Manage it using https://openrouter.ai/settings/keys"",""code"":403}}",2026-02-22T19:17:17.882036+00:00
gemini3|train|8|node_deletion|run2,gemini3,openrouter/google/gemini-3-pro-preview,train,8,node_deletion,2,"Joanne has a blank fair six-sided die and some number of stickers each displaying a different integer. Joanne rolls the die and then places the sticker labeled $1$ on the top face of the die. She then rolls the die again, places the next sticker on the top face, and continues this process to place the rest of the stickers in order. If the die ever lands with a sticker already on its top face, the new sticker is placed to cover the old sticker. Let $p$ be the conditional probability that at the end of the process some number of faces have been left blank, given that all the even-numbered stickers are visible on faces of the die. Then $p$ can be written as $\frac{m}{n}$, where $m$ and $n$ are relatively prime positive integers. Find $m+n$.",029,,False,,0,0,0,0,"litellm.APIError: APIError: OpenrouterException - {""error"":{""message"":""Key limit exceeded (total limit). Manage it using https://openrouter.ai/settings/keys"",""code"":403}}",2026-02-22T19:17:17.948981+00:00
gemini3|train|10|node_deletion|run2,gemini3,openrouter/google/gemini-3-pro-preview,train,10,node_deletion,2,"The integers from $1$ to $N$ are placed in some order into a rectangular grid of cells with one number in each cell. Let $a_{i,j}$ be the number placed in the cell in row $i$ and column $j$, and let $M$ be the sum of the absolute differences between adjacent cells. That is,\[M=\sum_{i}\sum_{j}(|a_{i,j+1}-a_{i,j}|+|a_{j+1,i}-a_{j,i}|).\]Find the remainder when the maximum possible value of $M$ is divided by $1000$.",896,,False,,0,0,0,0,"litellm.APIError: APIError: OpenrouterException - {""error"":{""message"":""Key limit exceeded (total limit). Manage it using https://openrouter.ai/settings/keys"",""code"":403}}",2026-02-22T19:17:18.079543+00:00
gemini3|train|9|node_deletion|run2,gemini3,openrouter/google/gemini-3-pro-preview,train,9,node_deletion,2,"Let $\triangle ABC$ have side length $CA=15$, with $AB$ and $BC$ unspecified. Triangle $\triangle A'B'C'$ is obtained by rotating $\triangle ABC$ about its circumcenter so that $\overline{A'C'}$ is perpendicular to $\overline{BC}$, with $A'$ and $B$ not on the same side of line $B'C'$. Find the integer closest to the area of hexagon $AA'CC'BB'$.",156,,False,,0,0,0,0,"litellm.APIError: APIError: OpenrouterException - {""error"":{""message"":""Key limit exceeded (total limit). Manage it using https://openrouter.ai/settings/keys"",""code"":403}}",2026-02-22T19:17:18.166158+00:00
gemini3|train|10|edge_deletion|run2,gemini3,openrouter/google/gemini-3-pro-preview,train,10,edge_deletion,2,"The integers from $1$ to $N$ are placed in some order into a rectangular grid of cells with one number in each cell. Let $a_{i,j}$ be the number placed in the cell in row $i$ and column $j$, and let $M$ be the sum of the absolute differences between all pairs of adjacent cells (cells sharing an edge). Find the remainder when the maximum possible value of $M$ is divided by $1000$.",896,,False,,0,0,0,0,"litellm.APIError: APIError: OpenrouterException - {""error"":{""message"":""Key limit exceeded (total limit). Manage it using https://openrouter.ai/settings/keys"",""code"":403}}",2026-02-22T19:17:18.256020+00:00
gemini3|train|18|edge_deletion|run2,gemini3,openrouter/google/gemini-3-pro-preview,train,18,edge_deletion,2,"For each positive integer $n$, let $f(n)$ be the value of the base-ten numeral $n$ viewed in some base $b$, where $b$ is determined by the digits of $n$ according to some rule. Find the number of positive integers $n$ less than $1000$ such that $f(n)=n$.",279,,False,,0,0,0,0,"litellm.APIError: APIError: OpenrouterException - {""error"":{""message"":""Key limit exceeded (total limit). Manage it using https://openrouter.ai/settings/keys"",""code"":403}}",2026-02-22T19:17:18.384847+00:00
gemini3|train|18|node_deletion|run2,gemini3,openrouter/google/gemini-3-pro-preview,train,18,node_deletion,2,For each positive integer $n$ let $f(n)$ be the value of the base-ten numeral $n$ viewed in some base $b$ determined by the digits of $n$. Find the number of positive integers $n$ less than $1000$ such that $f(n)=n$.,279,,False,,0,0,0,0,"litellm.APIError: APIError: OpenrouterException - {""error"":{""message"":""Key limit exceeded (total limit). Manage it using https://openrouter.ai/settings/keys"",""code"":403}}",2026-02-22T19:17:18.394607+00:00
gemini3|train|21|edge_deletion|run2,gemini3,openrouter/google/gemini-3-pro-preview,train,21,edge_deletion,2,"A standard fair six-sided die is rolled repeatedly. Each time the die reads 1 or 2, Alice gets a coin; some unspecified faces give Bob a coin; and the remaining faces give Carol a coin. The probability that Alice and Bob each receive at least two coins before Carol receives any coins can be written as $\tfrac mn,$ where $m$ and $n$ are relatively prime positive integers. Find $100m+n.$",754,,False,,0,0,0,0,"litellm.APIError: APIError: OpenrouterException - {""error"":{""message"":""Key limit exceeded (total limit). Manage it using https://openrouter.ai/settings/keys"",""code"":403}}",2026-02-22T19:17:18.417457+00:00
gemini3|train|1|node_deletion|run3,gemini3,openrouter/google/gemini-3-pro-preview,train,1,node_deletion,3,"Find the number of positive integer palindromes written in base $10$, with no zero digits, and whose digits add up to some target value. Recall that a palindrome is a number whose representation reads the same from left to right as from right to left.",62,,False,,0,0,0,0,"litellm.APIError: APIError: OpenrouterException - {""error"":{""message"":""Key limit exceeded (total limit). Manage it using https://openrouter.ai/settings/keys"",""code"":403}}",2026-02-22T19:17:18.525704+00:00
gemini3|train|21|node_deletion|run2,gemini3,openrouter/google/gemini-3-pro-preview,train,21,node_deletion,2,"A standard fair six-sided die is rolled repeatedly. Each time the die reads 1 or 2, Alice gets a coin; each time it reads 3 or 4, Bob gets a coin; and each time it reads 5 or 6, Carol gets a coin. The probability that Alice and Bob each receive at least some number of coins before Carol receives any coins can be written as $\tfrac mn,$ where $m$ and $n$ are relatively prime positive integers. Find $100m+n.$",754,,False,,0,0,0,0,"litellm.APIError: APIError: OpenrouterException - {""error"":{""message"":""Key limit exceeded (total limit). Manage it using https://openrouter.ai/settings/keys"",""code"":403}}",2026-02-22T19:17:18.764526+00:00
gemini3|train|23|node_deletion|run2,gemini3,openrouter/google/gemini-3-pro-preview,train,23,node_deletion,2,Let $S$ denote the value of the infinite sum\[\frac{1}{9}+\frac{1}{99}+\frac{1}{999}+\frac{1}{9999}+\dots.\]Find the remainder when the greatest integer less than or equal to $10^{M}S$ is divided by some number $D$.,669,,False,,0,0,0,0,"litellm.APIError: APIError: OpenrouterException - {""error"":{""message"":""Key limit exceeded (total limit). Manage it using https://openrouter.ai/settings/keys"",""code"":403}}",2026-02-22T19:17:18.828997+00:00
gemini3|train|23|edge_deletion|run2,gemini3,openrouter/google/gemini-3-pro-preview,train,23,edge_deletion,2,Let $S$ denote the value of the infinite sum\[\frac{1}{9}+\frac{1}{99}+\frac{1}{999}+\frac{1}{9999}+\dots.\]Find the remainder when the greatest integer less than or equal to $10^{N}S$ is divided by $M$.,669,,False,,0,0,0,0,"litellm.APIError: APIError: OpenrouterException - {""error"":{""message"":""Key limit exceeded (total limit). Manage it using https://openrouter.ai/settings/keys"",""code"":403}}",2026-02-22T19:17:18.862464+00:00
gemini3|train|5|node_deletion|run3,gemini3,openrouter/google/gemini-3-pro-preview,train,5,node_deletion,3,"The product of all positive real numbers $x$ satisfying the equation
\[\sqrt[k]{x^{\log_{2026} x}} = 26x\]
for some positive integer $k$ is an integer $P$. Find the number of positive integer divisors of $P$.",441,,False,,0,0,0,0,"litellm.APIError: APIError: OpenrouterException - {""error"":{""message"":""Key limit exceeded (total limit). Manage it using https://openrouter.ai/settings/keys"",""code"":403}}",2026-02-22T19:17:24.474501+00:00
gemini3|train|7|node_deletion|run3,gemini3,openrouter/google/gemini-3-pro-preview,train,7,node_deletion,3,Let $N$ be the number of positive integer divisors of some number raised to the $17$th power that leave a remainder of $5$ upon division by $12$. The base number has four distinct prime factors. Find the remainder when $N$ is divided by $1000$.,244,,False,,0,0,0,0,"litellm.APIError: APIError: OpenrouterException - {""error"":{""message"":""Key limit exceeded (total limit). Manage it using https://openrouter.ai/settings/keys"",""code"":403}}",2026-02-22T19:17:24.812599+00:00
gemini3|train|8|node_deletion|run3,gemini3,openrouter/google/gemini-3-pro-preview,train,8,node_deletion,3,"Joanne has a blank fair six-sided die and some number of stickers each displaying a different integer. Joanne rolls the die and then places the sticker labeled $1$ on the top face of the die. She then rolls the die again, places the next sticker on the top face, and continues this process to place the rest of the stickers in order. If the die ever lands with a sticker already on its top face, the new sticker is placed to cover the old sticker. Let $p$ be the conditional probability that at the end of the process some number of faces have been left blank, given that all the even-numbered stickers are visible on faces of the die. Then $p$ can be written as $\frac{m}{n}$, where $m$ and $n$ are relatively prime positive integers. Find $m+n$.",029,,False,,0,0,0,0,"litellm.APIError: APIError: OpenrouterException - {""error"":{""message"":""Key limit exceeded (total limit). Manage it using https://openrouter.ai/settings/keys"",""code"":403}}",2026-02-22T19:17:25.034095+00:00
gemini3|train|9|node_deletion|run3,gemini3,openrouter/google/gemini-3-pro-preview,train,9,node_deletion,3,"Let $\triangle ABC$ have side length $CA=15$, with $AB$ and $BC$ unspecified. Triangle $\triangle A'B'C'$ is obtained by rotating $\triangle ABC$ about its circumcenter so that $\overline{A'C'}$ is perpendicular to $\overline{BC}$, with $A'$ and $B$ not on the same side of line $B'C'$. Find the integer closest to the area of hexagon $AA'CC'BB'$.",156,,False,,0,0,0,0,"litellm.APIError: APIError: OpenrouterException - {""error"":{""message"":""Key limit exceeded (total limit). Manage it using https://openrouter.ai/settings/keys"",""code"":403}}",2026-02-22T19:17:25.105075+00:00
gemini3|train|10|node_deletion|run3,gemini3,openrouter/google/gemini-3-pro-preview,train,10,node_deletion,3,"The integers from $1$ to $N$ are placed in some order into a rectangular grid of cells with one number in each cell. Let $a_{i,j}$ be the number placed in the cell in row $i$ and column $j$, and let $M$ be the sum of the absolute differences between adjacent cells. That is,\[M=\sum_{i}\sum_{j}(|a_{i,j+1}-a_{i,j}|+|a_{j+1,i}-a_{j,i}|).\]Find the remainder when the maximum possible value of $M$ is divided by $1000$.",896,,False,,0,0,0,0,"litellm.APIError: APIError: OpenrouterException - {""error"":{""message"":""Key limit exceeded (total limit). Manage it using https://openrouter.ai/settings/keys"",""code"":403}}",2026-02-22T19:17:25.195181+00:00
gemini3|train|18|node_deletion|run3,gemini3,openrouter/google/gemini-3-pro-preview,train,18,node_deletion,3,For each positive integer $n$ let $f(n)$ be the value of the base-ten numeral $n$ viewed in some base $b$ determined by the digits of $n$. Find the number of positive integers $n$ less than $1000$ such that $f(n)=n$.,279,,False,,0,0,0,0,"litellm.APIError: APIError: OpenrouterException - {""error"":{""message"":""Key limit exceeded (total limit). Manage it using https://openrouter.ai/settings/keys"",""code"":403}}",2026-02-22T19:17:25.288239+00:00
gemini3|train|21|edge_deletion|run3,gemini3,openrouter/google/gemini-3-pro-preview,train,21,edge_deletion,3,"A standard fair six-sided die is rolled repeatedly. Each time the die reads 1 or 2, Alice gets a coin; some unspecified faces give Bob a coin; and the remaining faces give Carol a coin. The probability that Alice and Bob each receive at least two coins before Carol receives any coins can be written as $\tfrac mn,$ where $m$ and $n$ are relatively prime positive integers. Find $100m+n.$",754,,False,,0,0,0,0,"litellm.APIError: APIError: OpenrouterException - {""error"":{""message"":""Key limit exceeded (total limit). Manage it using https://openrouter.ai/settings/keys"",""code"":403}}",2026-02-22T19:17:25.329531+00:00
gemini3|train|18|edge_deletion|run3,gemini3,openrouter/google/gemini-3-pro-preview,train,18,edge_deletion,3,"For each positive integer $n$, let $f(n)$ be the value of the base-ten numeral $n$ viewed in some base $b$, where $b$ is determined by the digits of $n$ according to some rule. Find the number of positive integers $n$ less than $1000$ such that $f(n)=n$.",279,,False,,0,0,0,0,"litellm.APIError: APIError: OpenrouterException - {""error"":{""message"":""Key limit exceeded (total limit). Manage it using https://openrouter.ai/settings/keys"",""code"":403}}",2026-02-22T19:17:25.353474+00:00
gemini3|train|23|node_deletion|run3,gemini3,openrouter/google/gemini-3-pro-preview,train,23,node_deletion,3,Let $S$ denote the value of the infinite sum\[\frac{1}{9}+\frac{1}{99}+\frac{1}{999}+\frac{1}{9999}+\dots.\]Find the remainder when the greatest integer less than or equal to $10^{M}S$ is divided by some number $D$.,669,,False,,0,0,0,0,"litellm.APIError: APIError: OpenrouterException - {""error"":{""message"":""Key limit exceeded (total limit). Manage it using https://openrouter.ai/settings/keys"",""code"":403}}",2026-02-22T19:17:25.465723+00:00
gemini3|train|10|edge_deletion|run3,gemini3,openrouter/google/gemini-3-pro-preview,train,10,edge_deletion,3,"The integers from $1$ to $N$ are placed in some order into a rectangular grid of cells with one number in each cell. Let $a_{i,j}$ be the number placed in the cell in row $i$ and column $j$, and let $M$ be the sum of the absolute differences between all pairs of adjacent cells (cells sharing an edge). Find the remainder when the maximum possible value of $M$ is divided by $1000$.",896,,False,,0,0,0,0,"litellm.APIError: APIError: OpenrouterException - {""error"":{""message"":""Key limit exceeded (total limit). Manage it using https://openrouter.ai/settings/keys"",""code"":403}}",2026-02-22T19:17:25.498764+00:00
gemini3|train|21|node_deletion|run3,gemini3,openrouter/google/gemini-3-pro-preview,train,21,node_deletion,3,"A standard fair six-sided die is rolled repeatedly. Each time the die reads 1 or 2, Alice gets a coin; each time it reads 3 or 4, Bob gets a coin; and each time it reads 5 or 6, Carol gets a coin. The probability that Alice and Bob each receive at least some number of coins before Carol receives any coins can be written as $\tfrac mn,$ where $m$ and $n$ are relatively prime positive integers. Find $100m+n.$",754,,False,,0,0,0,0,"litellm.APIError: APIError: OpenrouterException - {""error"":{""message"":""Key limit exceeded (total limit). Manage it using https://openrouter.ai/settings/keys"",""code"":403}}",2026-02-22T19:17:25.535325+00:00
gemini3|train|1|node_deletion|run4,gemini3,openrouter/google/gemini-3-pro-preview,train,1,node_deletion,4,"Find the number of positive integer palindromes written in base $10$, with no zero digits, and whose digits add up to some target value. Recall that a palindrome is a number whose representation reads the same from left to right as from right to left.",62,,False,,0,0,0,0,"litellm.APIError: APIError: OpenrouterException - {""error"":{""message"":""Key limit exceeded (total limit). Manage it using https://openrouter.ai/settings/keys"",""code"":403}}",2026-02-22T19:17:25.639451+00:00
gemini3|train|23|edge_deletion|run3,gemini3,openrouter/google/gemini-3-pro-preview,train,23,edge_deletion,3,Let $S$ denote the value of the infinite sum\[\frac{1}{9}+\frac{1}{99}+\frac{1}{999}+\frac{1}{9999}+\dots.\]Find the remainder when the greatest integer less than or equal to $10^{N}S$ is divided by $M$.,669,,False,,0,0,0,0,"litellm.APIError: APIError: OpenrouterException - {""error"":{""message"":""Key limit exceeded (total limit). Manage it using https://openrouter.ai/settings/keys"",""code"":403}}",2026-02-22T19:17:25.753703+00:00
gemini3|train|7|node_deletion|run4,gemini3,openrouter/google/gemini-3-pro-preview,train,7,node_deletion,4,Let $N$ be the number of positive integer divisors of some number raised to the $17$th power that leave a remainder of $5$ upon division by $12$. The base number has four distinct prime factors. Find the remainder when $N$ is divided by $1000$.,244,,False,,0,0,0,0,"litellm.APIError: APIError: OpenrouterException - {""error"":{""message"":""Key limit exceeded (total limit). Manage it using https://openrouter.ai/settings/keys"",""code"":403}}",2026-02-22T19:17:25.813489+00:00
gemini3|train|5|node_deletion|run4,gemini3,openrouter/google/gemini-3-pro-preview,train,5,node_deletion,4,"The product of all positive real numbers $x$ satisfying the equation
\[\sqrt[k]{x^{\log_{2026} x}} = 26x\]
for some positive integer $k$ is an integer $P$. Find the number of positive integer divisors of $P$.",441,,False,,0,0,0,0,"litellm.APIError: APIError: OpenrouterException - {""error"":{""message"":""Key limit exceeded (total limit). Manage it using https://openrouter.ai/settings/keys"",""code"":403}}",2026-02-22T19:17:26.002344+00:00
gemini3|train|8|node_deletion|run4,gemini3,openrouter/google/gemini-3-pro-preview,train,8,node_deletion,4,"Joanne has a blank fair six-sided die and some number of stickers each displaying a different integer. Joanne rolls the die and then places the sticker labeled $1$ on the top face of the die. She then rolls the die again, places the next sticker on the top face, and continues this process to place the rest of the stickers in order. If the die ever lands with a sticker already on its top face, the new sticker is placed to cover the old sticker. Let $p$ be the conditional probability that at the end of the process some number of faces have been left blank, given that all the even-numbered stickers are visible on faces of the die. Then $p$ can be written as $\frac{m}{n}$, where $m$ and $n$ are relatively prime positive integers. Find $m+n$.",029,,False,,0,0,0,0,"litellm.APIError: APIError: OpenrouterException - {""error"":{""message"":""Key limit exceeded (total limit). Manage it using https://openrouter.ai/settings/keys"",""code"":403}}",2026-02-22T19:17:26.101117+00:00
gemini3|train|9|node_deletion|run4,gemini3,openrouter/google/gemini-3-pro-preview,train,9,node_deletion,4,"Let $\triangle ABC$ have side length $CA=15$, with $AB$ and $BC$ unspecified. Triangle $\triangle A'B'C'$ is obtained by rotating $\triangle ABC$ about its circumcenter so that $\overline{A'C'}$ is perpendicular to $\overline{BC}$, with $A'$ and $B$ not on the same side of line $B'C'$. Find the integer closest to the area of hexagon $AA'CC'BB'$.",156,,False,,0,0,0,0,"litellm.APIError: APIError: OpenrouterException - {""error"":{""message"":""Key limit exceeded (total limit). Manage it using https://openrouter.ai/settings/keys"",""code"":403}}",2026-02-22T19:17:26.166532+00:00
gemini3|train|10|node_deletion|run4,gemini3,openrouter/google/gemini-3-pro-preview,train,10,node_deletion,4,"The integers from $1$ to $N$ are placed in some order into a rectangular grid of cells with one number in each cell. Let $a_{i,j}$ be the number placed in the cell in row $i$ and column $j$, and let $M$ be the sum of the absolute differences between adjacent cells. That is,\[M=\sum_{i}\sum_{j}(|a_{i,j+1}-a_{i,j}|+|a_{j+1,i}-a_{j,i}|).\]Find the remainder when the maximum possible value of $M$ is divided by $1000$.",896,,False,,0,0,0,0,"litellm.APIError: APIError: OpenrouterException - {""error"":{""message"":""Key limit exceeded (total limit). Manage it using https://openrouter.ai/settings/keys"",""code"":403}}",2026-02-22T19:17:26.252485+00:00
gemini3|train|10|edge_deletion|run4,gemini3,openrouter/google/gemini-3-pro-preview,train,10,edge_deletion,4,"The integers from $1$ to $N$ are placed in some order into a rectangular grid of cells with one number in each cell. Let $a_{i,j}$ be the number placed in the cell in row $i$ and column $j$, and let $M$ be the sum of the absolute differences between all pairs of adjacent cells (cells sharing an edge). Find the remainder when the maximum possible value of $M$ is divided by $1000$.",896,,False,,0,0,0,0,"litellm.APIError: APIError: OpenrouterException - {""error"":{""message"":""Key limit exceeded (total limit). Manage it using https://openrouter.ai/settings/keys"",""code"":403}}",2026-02-22T19:17:26.342120+00:00
gemini3|train|18|node_deletion|run4,gemini3,openrouter/google/gemini-3-pro-preview,train,18,node_deletion,4,For each positive integer $n$ let $f(n)$ be the value of the base-ten numeral $n$ viewed in some base $b$ determined by the digits of $n$. Find the number of positive integers $n$ less than $1000$ such that $f(n)=n$.,279,,False,,0,0,0,0,"litellm.APIError: APIError: OpenrouterException - {""error"":{""message"":""Key limit exceeded (total limit). Manage it using https://openrouter.ai/settings/keys"",""code"":403}}",2026-02-22T19:17:26.360932+00:00
gemini3|train|18|edge_deletion|run4,gemini3,openrouter/google/gemini-3-pro-preview,train,18,edge_deletion,4,"For each positive integer $n$, let $f(n)$ be the value of the base-ten numeral $n$ viewed in some base $b$, where $b$ is determined by the digits of $n$ according to some rule. Find the number of positive integers $n$ less than $1000$ such that $f(n)=n$.",279,,False,,0,0,0,0,"litellm.APIError: APIError: OpenrouterException - {""error"":{""message"":""Key limit exceeded (total limit). Manage it using https://openrouter.ai/settings/keys"",""code"":403}}",2026-02-22T19:17:31.661997+00:00
gemini3|train|21|node_deletion|run4,gemini3,openrouter/google/gemini-3-pro-preview,train,21,node_deletion,4,"A standard fair six-sided die is rolled repeatedly. Each time the die reads 1 or 2, Alice gets a coin; each time it reads 3 or 4, Bob gets a coin; and each time it reads 5 or 6, Carol gets a coin. The probability that Alice and Bob each receive at least some number of coins before Carol receives any coins can be written as $\tfrac mn,$ where $m$ and $n$ are relatively prime positive integers. Find $100m+n.$",754,,False,,0,0,0,0,"litellm.APIError: APIError: OpenrouterException - {""error"":{""message"":""Key limit exceeded (total limit). Manage it using https://openrouter.ai/settings/keys"",""code"":403}}",2026-02-22T19:17:32.139559+00:00
gemini3|train|21|edge_deletion|run4,gemini3,openrouter/google/gemini-3-pro-preview,train,21,edge_deletion,4,"A standard fair six-sided die is rolled repeatedly. Each time the die reads 1 or 2, Alice gets a coin; some unspecified faces give Bob a coin; and the remaining faces give Carol a coin. The probability that Alice and Bob each receive at least two coins before Carol receives any coins can be written as $\tfrac mn,$ where $m$ and $n$ are relatively prime positive integers. Find $100m+n.$",754,,False,,0,0,0,0,"litellm.APIError: APIError: OpenrouterException - {""error"":{""message"":""Key limit exceeded (total limit). Manage it using https://openrouter.ai/settings/keys"",""code"":403}}",2026-02-22T19:17:32.293610+00:00
gemini3|train|23|node_deletion|run4,gemini3,openrouter/google/gemini-3-pro-preview,train,23,node_deletion,4,Let $S$ denote the value of the infinite sum\[\frac{1}{9}+\frac{1}{99}+\frac{1}{999}+\frac{1}{9999}+\dots.\]Find the remainder when the greatest integer less than or equal to $10^{M}S$ is divided by some number $D$.,669,,False,,0,0,0,0,"litellm.APIError: APIError: OpenrouterException - {""error"":{""message"":""Key limit exceeded (total limit). Manage it using https://openrouter.ai/settings/keys"",""code"":403}}",2026-02-22T19:17:32.309538+00:00
gemini3|train|23|edge_deletion|run4,gemini3,openrouter/google/gemini-3-pro-preview,train,23,edge_deletion,4,Let $S$ denote the value of the infinite sum\[\frac{1}{9}+\frac{1}{99}+\frac{1}{999}+\frac{1}{9999}+\dots.\]Find the remainder when the greatest integer less than or equal to $10^{N}S$ is divided by $M$.,669,,False,,0,0,0,0,"litellm.APIError: APIError: OpenrouterException - {""error"":{""message"":""Key limit exceeded (total limit). Manage it using https://openrouter.ai/settings/keys"",""code"":403}}",2026-02-22T19:17:32.462140+00:00
